ticker,cik,sic,sic_description,status
AACI,0002092897,6770,Blank Checks,ok
AACQ,,,,cik_not_found
AACT,,,,cik_not_found
AAM,,,,cik_not_found
ABCL,0001703057,2834,Pharmaceutical Preparations,ok
ABCM,,,,cik_not_found
ABNB,0001559720,7340,Services-To Dwellings & Other Buildings,ok
ABOS,0001576885,2836,"Biological Products, (No Diagnostic Substances)",ok
ABSI,0001672688,8731,Services-Commercial Physical & Biological Research,ok
ABST,,,,cik_not_found
ACAB,,,,cik_not_found
ACAC,,,,cik_not_found
ACAM,,,,cik_not_found
ACAQ,,,,cik_not_found
ACAX,,,,cik_not_found
ACCD,,,,cik_not_found
ACDC,0001881487,1389,"Oil & Gas Field Services, NEC",ok
ACDI,,,,cik_not_found
ACEV,,,,cik_not_found
ACI,0001646972,5411,Retail-Grocery Stores,ok
ACIC,0001401521,6331,"Fire, Marine & Casualty Insurance",ok
ACKIT,,,,cik_not_found
ACLX,0001786205,2836,"Biological Products, (No Diagnostic Substances)",ok
ACND,,,,cik_not_found
ACON,0001635077,8071,Services-Medical Laboratories,ok
ACRO,,,,cik_not_found
ACRV,0001781174,2834,Pharmaceutical Preparations,ok
ACT,0001823529,6411,"Insurance Agents, Brokers & Service",ok
ACTC,,,,cik_not_found
ACTU,0001652935,2834,Pharmaceutical Preparations,ok
ACXP,0001736243,2834,Pharmaceutical Preparations,ok
ADAL,,,,cik_not_found
ADCT,0001771910,2834,Pharmaceutical Preparations,ok
ADOC,,,,cik_not_found
ADPT,0001478320,2836,"Biological Products, (No Diagnostic Substances)",ok
ADRT,,,,cik_not_found
ADTX,0001726711,2834,Pharmaceutical Preparations,ok
AEAE,0001852016,3714,Motor Vehicle Parts & Accessories,ok
AEHA,,,,cik_not_found
AESI,0001984060,1311,Crude Petroleum & Natural Gas,ok
AFAC,,,,cik_not_found
AFAR,,,,cik_not_found
AFIB,,,,cik_not_found
AFJK,0001979005,6770,Blank Checks,ok
AFTR,,,,cik_not_found
AFYA,0001771007,8200,Services-Educational Services,ok
AGBA,,,,cik_not_found
AGC,,,,cik_not_found
AHAC,,,,cik_not_found
AHI,,,,cik_not_found
AHPA,,,,cik_not_found
AHR,0001632970,6798,Real Estate Investment Trusts,ok
AHRN,,,,cik_not_found
AI,0001577526,7372,Services-Prepackaged Software,ok
AIBAF,,,,cik_not_found
AIMAU,,,,cik_not_found
AIP,0001667011,3674,Semiconductors & Related Devices,ok
AIRS,0001870940,8011,Services-Offices & Clinics of  Doctors of  Medicine,ok
AITR,,,,cik_not_found
AIXI,0001935172,7372,Services-Prepackaged Software,ok
AJAX,,,,cik_not_found
AKA,0001865107,5961,Retail-Catalog & Mail-Order Houses,ok
AKAN,0001888014,2833,Medicinal Chemicals & Botanical Products,ok
AKRO,,,,cik_not_found
AKUS,,,,cik_not_found
ALAB,0001736297,3674,Semiconductors & Related Devices,ok
ALCC,,,,cik_not_found
ALCY,0001901336,6770,Blank Checks,ok
ALDF,0002031561,6770,Blank Checks,ok
ALEC,0001653087,2836,"Biological Products, (No Diagnostic Substances)",ok
ALF,0002010930,6770,Blank Checks,ok
ALGM,0000866291,3674,Semiconductors & Related Devices,ok
ALGS,0001799448,2836,"Biological Products, (No Diagnostic Substances)",ok
ALMS,0001847367,2834,Pharmaceutical Preparations,ok
ALOR,,,,cik_not_found
ALPA,,,,cik_not_found
ALRS,0000903419,6021,National Commercial Banks,ok
ALSA,,,,cik_not_found
ALTU,,,,cik_not_found
ALUS,,,,cik_not_found
ALVR,,,,cik_not_found
ALXO,0001810182,2834,Pharmaceutical Preparations,ok
AMAM,,,,cik_not_found
AMCI,0001937891,5700,"Retail-Home Furniture, Furnishings & Equipment Stores",ok
AMHC,,,,cik_not_found
AMK,,,,cik_not_found
AMLX,0001658551,2834,Pharmaceutical Preparations,ok
AMPL,0001866692,7372,Services-Prepackaged Software,ok
AMST,0001807166,7372,Services-Prepackaged Software,ok
AMTD,0001769731,6199,Finance Services,ok
AMTI,,,,cik_not_found
AMWL,0001393584,7389,"Services-Business Services, NEC",ok
AMZE,0001880343,5961,Retail-Catalog & Mail-Order Houses,ok
ANCN,,,,cik_not_found
ANL,0001944552,2834,Pharmaceutical Preparations,ok
ANNX,0001528115,2834,Pharmaceutical Preparations,ok
ANRO,0001999480,2834,Pharmaceutical Preparations,ok
ANSC,0001854149,6770,Blank Checks,ok
ANTX,0001880438,2834,Pharmaceutical Preparations,ok
ANVS,0001477845,2834,Pharmaceutical Preparations,ok
AOGO,,,,cik_not_found
AONE,,,,cik_not_found
APAC,0002043630,6770,Blank Checks,ok
APCA,,,,cik_not_found
APGE,0001974640,2836,"Biological Products, (No Diagnostic Substances)",ok
API,0001802883,7372,Services-Prepackaged Software,ok
APLT,,,,cik_not_found
APMI,,,,cik_not_found
APNC,,,,cik_not_found
APRE,0001781983,2834,Pharmaceutical Preparations,ok
APSG,,,,cik_not_found
APXI,,,,cik_not_found
APXT,0002079253,6770,Blank Checks,ok
AQU,,,,cik_not_found
ARBB,0001930179,7373,Services-Computer Integrated Systems Design,ok
ARBG,,,,cik_not_found
ARBK,0001841675,6199,Finance Services,ok
ARCK,,,,cik_not_found
ARDT,0001756655,8062,"Services-General Medical & Surgical Hospitals, NEC",ok
AREC,0001590715,1220,Silver Ores,ok
ARGU,,,,cik_not_found
ARHS,0001875444,5712,Retail-Furniture Stores,ok
ARIS,0001964504,1040,Gold and Silver Ores,ok
ARIZ,,,,cik_not_found
ARM,0001973239,3674,Semiconductors & Related Devices,ok
ARQT,0001787306,2834,Pharmaceutical Preparations,ok
ARRY,0001820721,3674,Semiconductors & Related Devices,ok
ARTE,,,,cik_not_found
ARTV,0001817241,2836,"Biological Products, (No Diagnostic Substances)",ok
ARYA,,,,cik_not_found
ARYB,,,,cik_not_found
ARYE,,,,cik_not_found
AS,0001988894,2300,Apparel & Other Finishd Prods of  Fabrics & Similar Matl,ok
ASAN,0001477720,7372,Services-Prepackaged Software,ok
ASAQ,,,,cik_not_found
ASCA,,,,cik_not_found
ASCB,,,,cik_not_found
ASNS,0001141284,3669,"Communications Equipment, NEC",ok
ASO,0001817358,5940,Retail-Miscellaneous Shopping Goods Stores,ok
ASPA,,,,cik_not_found
ASPC,0001890361,6770,Blank Checks,ok
ASPI,0001921865,2890,Miscellaneous Chemical Products,ok
ASPL,,,,cik_not_found
ASST,0001920406,6199,Finance Services,ok
ATA,,,,cik_not_found
ATAC,,,,cik_not_found
ATAK,,,,cik_not_found
ATAT,0001853717,7011,Hotels & Motels,ok
ATEK,0001882198,4955,Hazardous Waste Management,ok
ATGL,0001967621,7371,Services-Computer Programming Services,ok
ATIF,,,,cik_not_found
ATLN,0001605888,7363,Services-Help Supply Services,ok
ATMC,,,,cik_not_found
ATMU,0001921963,3714,Motor Vehicle Parts & Accessories,ok
ATMV,,,,cik_not_found
ATS,0001394832,3569,"General Industrial Machinery & Equipment, NEC",ok
AUNA,0001799207,8011,Services-Offices & Clinics of  Doctors of  Medicine,ok
AURA,0001501796,2836,"Biological Products, (No Diagnostic Substances)",ok
AUST,0001817740,1040,Gold and Silver Ores,ok
AUVIQ,,,,cik_not_found
AVAC,,,,cik_not_found
AVAN,,,,cik_not_found
AVBP,0001868279,2834,Pharmaceutical Preparations,ok
AVDR,,,,cik_not_found
AVDX,,,,cik_not_found
AVHI,,,,cik_not_found
AVIR,0001593899,2834,Pharmaceutical Preparations,ok
AVO,0001802974,0700,Agricultural Services,ok
AVR,0002011514,3842,"Orthopedic, Prosthetic & Surgical Appliances & Supplies",ok
AVTE,,,,cik_not_found
AVTR,0001722482,3826,Laboratory Analytical Instruments,ok
AVX,0001826397,6199,Finance Services,ok
AXAC,,,,cik_not_found
AXG,0001959224,6211,"Security Brokers, Dealers & Flotation Companies",ok
AXH,,,,cik_not_found
AXLA,,,,cik_not_found
AYLA,,,,cik_not_found
AZEK,,,,cik_not_found
AZI,0001959726,7500,"Services-Automotive Repair, Services & Parking",ok
AZTR,0001701478,2834,Pharmaceutical Preparations,ok
BACA,,,,cik_not_found
BACK,0001729944,8093,"Services-Specialty Outpatient Facilities, NEC",ok
BACQ,,,,cik_not_found
BANL,0001914805,5172,Wholesale-Petroleum & Petroleum Products (No Bulk Stations),ok
BASE,,,,cik_not_found
BAYA,0001969475,6770,Blank Checks,ok
BBIO,0001743881,2834,Pharmaceutical Preparations,ok
BCAB,0001826892,2836,"Biological Products, (No Diagnostic Substances)",ok
BCAX,0002023658,2834,Pharmaceutical Preparations,ok
BCEL,,,,cik_not_found
BCOW,0001847360,6036,"Savings Institutions, Not Federally Chartered",ok
BCSA,,,,cik_not_found
BCTG,,,,cik_not_found
BCYC,0001761612,2834,Pharmaceutical Preparations,ok
BDSX,0001439725,8071,Services-Medical Laboratories,ok
BDTX,0001701541,2836,"Biological Products, (No Diagnostic Substances)",ok
BEAG,0001852207,6770,Blank Checks,ok
BEAM,0001745999,2836,"Biological Products, (No Diagnostic Substances)",ok
BEAT,0001779372,3841,Surgical & Medical Instruments & Apparatus,ok
BEKE,0001809587,6531,Real Estate Agents & Managers (For Others),ok
BFAC,,,,cik_not_found
BFRG,0001829247,2834,Pharmaceutical Preparations,ok
BFRI,0001858685,2834,Pharmaceutical Preparations,ok
BFT,,,,cik_not_found
BGXX,,,,cik_not_found
BHAC,,,,cik_not_found
BHAT,,,,cik_not_found
BHSE,,,,cik_not_found
BIAF,0001712762,8731,Services-Commercial Physical & Biological Research,ok
BILL,0001786352,7372,Services-Prepackaged Software,ok
BIOA,0001709941,2834,Pharmaceutical Preparations,ok
BIOR,,,,cik_not_found
BIOS,,,,cik_not_found
BIRD,0001653909,7374,Services-Computer Processing & Data Preparation,ok
BIRK,0001977102,3140,"Footwear, (No Rubber)",ok
BJDX,0001704287,3841,Surgical & Medical Instruments & Apparatus,ok
BKHA,0002000775,2836,"Biological Products, (No Diagnostic Substances)",ok
BKV,0001838406,1311,Crude Petroleum & Natural Gas,ok
BLAC,,,,cik_not_found
BLCO,0001860742,3851,Ophthalmic Goods,ok
BLCT,,,,cik_not_found
BLEU,,,,cik_not_found
BLMZ,,,,cik_not_found
BLND,0001855747,7370,"Services-Computer Programming, Data Processing, Etc.",ok
BLNG,,,,cik_not_found
BLSA,,,,cik_not_found
BLTE,0001889109,2834,Pharmaceutical Preparations,ok
BLUW,0002050501,6770,Blank Checks,ok
BLZE,0001462056,7372,Services-Prepackaged Software,ok
BMAC,,,,cik_not_found
BMAQ,,,,cik_not_found
BMR,0001899005,7372,Services-Prepackaged Software,ok
BMRG,,,,cik_not_found
BNIX,,,,cik_not_found
BNKK,0001760903,2844,"Perfumes, Cosmetics & Other Toilet Preparations",ok
BNL,0001424182,6798,Real Estate Investment Trusts,ok
BNNR,,,,cik_not_found
BNOX,,,,cik_not_found
BNR,0001792267,8071,Services-Medical Laboratories,ok
BNRG,0001901215,3433,"Heating Equipment, Except Electric & Warm Air Furnaces",ok
BNTX,0001776985,2836,"Biological Products, (No Diagnostic Substances)",ok
BOAC,,,,cik_not_found
BOCN,,,,cik_not_found
BOF,0001962481,2000,Food and Kindred Products,ok
BOLD,0001782303,2834,Pharmaceutical Preparations,ok
BON,0001816815,2833,Medicinal Chemicals & Botanical Products,ok
BORR,0001715497,1381,Drilling Oil & Gas Wells,ok
BOW,0002002473,6331,"Fire, Marine & Casualty Insurance",ok
BOWN,,,,cik_not_found
BOWX,,,,cik_not_found
BPAC,0002064177,6770,Blank Checks,ok
BQ,0001815021,5990,"Retail-Retail Stores, NEC",ok
BRAC,,,,cik_not_found
BRBR,0001772016,2000,Food and Kindred Products,ok
BRD,,,,cik_not_found
BRDG,,,,cik_not_found
BREA,,,,cik_not_found
BREZ,0002095443,6770,Blank Checks,ok
BRIA,0002000230,2300,Apparel & Other Finishd Prods of  Fabrics & Similar Matl,ok
BRKH,,,,cik_not_found
BRLI,,,,cik_not_found
BRLT,0001866757,3910,"Jewelry, Silverware & Plated Ware",ok
BROS,0001866581,5810,Retail-Eating & Drinking Places,ok
BRSH,,,,cik_not_found
BRZE,0001676238,7372,Services-Prepackaged Software,ok
BSAQ,,,,cik_not_found
BSII,,,,cik_not_found
BSN,,,,cik_not_found
BSY,0001031308,7372,Services-Prepackaged Software,ok
BTAQ,,,,cik_not_found
BTBD,0001718224,5812,Retail-Eating  Places,ok
BTOC,0001972529,4220,Public Warehousing & Storage,ok
BTOG,0001735556,6199,Finance Services,ok
BTSG,0001865782,8082,Services-Home Health Care Services,ok
BTWN,,,,cik_not_found
BUJA,,,,cik_not_found
BWAC,,,,cik_not_found
BWAQ,,,,cik_not_found
BWAY,0001505065,3841,Surgical & Medical Instruments & Apparatus,ok
BWC,,,,cik_not_found
BWIN,0001781755,6411,"Insurance Agents, Brokers & Service",ok
BYAH,0001986247,2840,"Soap, Detergents, Cleang Preparations, Perfumes, Cosmetics",ok
BYN,,,,cik_not_found
BYND,0001655210,2000,Food and Kindred Products,ok
BYNO,0001801417,6770,Blank Checks,ok
CABA,0001759138,2836,"Biological Products, (No Diagnostic Substances)",ok
CADL,0001841387,2836,"Biological Products, (No Diagnostic Substances)",ok
CALT,,,,cik_not_found
CAMP,0001736730,2834,Pharmaceutical Preparations,ok
CAN,0001780652,6199,Finance Services,ok
CAP,,,,cik_not_found
CAPA,,,,cik_not_found
CAPN,0002024203,6770,Blank Checks,ok
CART,0001579091,7389,"Services-Business Services, NEC",ok
CAS,,,,cik_not_found
CAVA,0001639438,5812,Retail-Eating  Places,ok
CBAH,,,,cik_not_found
CBLL,0001861107,3845,Electromedical & Electrotherapeutic Apparatus,ok
CBNA,0001392272,6021,National Commercial Banks,ok
CBRG,,,,cik_not_found
CCAC,,,,cik_not_found
CCAI,,,,cik_not_found
CCCC,0001662579,2836,"Biological Products, (No Diagnostic Substances)",ok
CCIR,,,,cik_not_found
CCIV,,,,cik_not_found
CCIX,0002006291,7373,Services-Computer Integrated Systems Design,ok
CCTG,0001931717,3640,Electric Lighting & Wiring Equipment,ok
CCTS,,,,cik_not_found
CCV,,,,cik_not_found
CCX,,,,cik_not_found
CCXX,,,,cik_not_found
CD,0001527762,6199,Finance Services,ok
CDAKQ,,,,cik_not_found
CDAQ,,,,cik_not_found
CDRE,0001860543,3842,"Orthopedic, Prosthetic & Surgical Appliances & Supplies",ok
CDTG,0001793895,4950,Sanitary Services,ok
CELL,,,,cik_not_found
CENQ,,,,cik_not_found
CEP,,,,cik_not_found
CERT,0001827090,7372,Services-Prepackaged Software,ok
CETU,,,,cik_not_found
CFAC,,,,cik_not_found
CFB,,,,cik_not_found
CFFS,,,,cik_not_found
CFII,,,,cik_not_found
CFIV,,,,cik_not_found
CFLT,,,,cik_not_found
CGON,0001991792,2836,"Biological Products, (No Diagnostic Substances)",ok
CGRO,,,,cik_not_found
CGTL,0001967822,5045,Wholesale-Computers & Peripheral Equipment & Software,ok
CGTX,0001455365,2836,"Biological Products, (No Diagnostic Substances)",ok
CHAQ,,,,cik_not_found
CHAR,0002024459,6770,Blank Checks,ok
CHEA,,,,cik_not_found
CHEB,,,,cik_not_found
CHFW,,,,cik_not_found
CHG,,,,cik_not_found
CHNG,,,,cik_not_found
CHPM,,,,cik_not_found
CHRO,,,,cik_not_found
CHSN,0001825349,2000,Food and Kindred Products,ok
CHWA,,,,cik_not_found
CHWY,0001766502,5961,Retail-Catalog & Mail-Order Houses,ok
CIAN,,,,cik_not_found
CIIC,,,,cik_not_found
CIIG,,,,cik_not_found
CINC,,,,cik_not_found
CING,0001862150,2834,Pharmaceutical Preparations,ok
CINT,0001868995,7371,Services-Computer Programming Services,ok
CITE,,,,cik_not_found
CLA,,,,cik_not_found
CLAQ,,,,cik_not_found
CLAY,,,,cik_not_found
CLBR,0002091024,6770,Blank Checks,ok
CLEU,,,,cik_not_found
CLII,,,,cik_not_found
CLIK,0002020027,7361,Services-Employment Agencies,ok
CLIN,,,,cik_not_found
CLOE,,,,cik_not_found
CLRC,,,,cik_not_found
CLYM,0001768446,2834,Pharmaceutical Preparations,ok
CMBM,,,,cik_not_found
CMCAF,0001865248,6770,Blank Checks,ok
CMLF,,,,cik_not_found
CMPI,,,,cik_not_found
CMPS,0001816590,2834,Pharmaceutical Preparations,ok
CMRC,0001626450,7372,Services-Prepackaged Software,ok
CMTG,0001666291,6500,Real Estate,ok
CND,,,,cik_not_found
CNDA,0001851959,6770,Blank Checks,ok
CNDB,,,,cik_not_found
CNGL,,,,cik_not_found
CNM,0001856525,5099,"Wholesale-Durable Goods, NEC",ok
CNSP,0001729427,2834,Pharmaceutical Preparations,ok
CNTG,,,,cik_not_found
CNTN,0001861657,6199,Finance Services,ok
CNTQ,,,,cik_not_found
CNTX,0001842952,2834,Pharmaceutical Preparations,ok
CNXX,,,,cik_not_found
COCO,0001482981,2080,Beverages,ok
CON,0002014596,8093,"Services-Specialty Outpatient Facilities, NEC",ok
COOK,0001857853,3630,Household Appliances,ok
COOL,,,,cik_not_found
CORS,,,,cik_not_found
COYA,0001835022,2834,Pharmaceutical Preparations,ok
CPAA,,,,cik_not_found
CPAQ,,,,cik_not_found
CPOP,0001807389,7900,Services-Amusement & Recreation Services,ok
CPSR,,,,cik_not_found
CRBG,0001889539,6311,Life Insurance,ok
CRBU,0001619856,2836,"Biological Products, (No Diagnostic Substances)",ok
CRDO,0001807794,3674,Semiconductors & Related Devices,ok
CREEF,,,,cik_not_found
CRGX,,,,cik_not_found
CRHC,,,,cik_not_found
CRSA,,,,cik_not_found
CRSR,0001743759,3577,"Computer Peripheral Equipment, NEC",ok
CRWD,0001535527,7372,Services-Prepackaged Software,ok
CSLM,,,,cik_not_found
CSPR,,,,cik_not_found
CSTL,0001447362,8071,Services-Medical Laboratories,ok
CTAC,,,,cik_not_found
CTAQ,,,,cik_not_found
CTKB,0001831915,3826,Laboratory Analytical Instruments,ok
CTNM,0001855175,2834,Pharmaceutical Preparations,ok
CTNT,0001951667,5010,Wholesale-Motor Vehicles & Motor Vehicle Parts & Supplies,ok
CTRI,0001981599,4923,Natural Gas Transmisison & Distribution,ok
CUB,0002015955,6770,Blank Checks,ok
CURV,0001792781,5600,Retail-Apparel & Accessory Stores,ok
CVAC,,,,cik_not_found
CVKD,0001937993,2834,Pharmaceutical Preparations,ok
CVRX,0001235912,3841,Surgical & Medical Instruments & Apparatus,ok
CWAN,0001866368,7372,Services-Prepackaged Software,ok
CWD,0001627282,6500,Real Estate,ok
CXAC,,,,cik_not_found
CXM,0001569345,7372,Services-Prepackaged Software,ok
CYN,0001874097,7371,Services-Computer Programming Services,ok
DADA,,,,cik_not_found
DALS,,,,cik_not_found
DAO,0001781753,8200,Services-Educational Services,ok
DAOO,,,,cik_not_found
DASH,0001792789,7389,"Services-Business Services, NEC",ok
DBDR,,,,cik_not_found
DCBO,0001829959,7372,Services-Prepackaged Software,ok
DCRB,,,,cik_not_found
DCRD,,,,cik_not_found
DCT,,,,cik_not_found
DDC,0001808110,2000,Food and Kindred Products,ok
DDI,0001799567,7374,Services-Computer Processing & Data Preparation,ok
DDL,0001854545,5961,Retail-Catalog & Mail-Order Houses,ok
DDMX,,,,cik_not_found
DDOG,0001561550,7372,Services-Prepackaged Software,ok
DECA,,,,cik_not_found
DEH,,,,cik_not_found
DERM,0001867066,2834,Pharmaceutical Preparations,ok
DFHT,,,,cik_not_found
DFNS,0001787518,8742,Services-Management Consulting Services,ok
DFPH,0001799191,8011,Services-Offices & Clinics of  Doctors of  Medicine,ok
DGNR,,,,cik_not_found
DGNS,,,,cik_not_found
DH,0001861795,7372,Services-Prepackaged Software,ok
DHAC,,,,cik_not_found
DICE,,,,cik_not_found
DIDIY,0001764757,7389,"Services-Business Services, NEC",ok
DIST,,,,cik_not_found
DMAQ,,,,cik_not_found
DMRA,0001800315,2834,Pharmaceutical Preparations,ok
DMYD,,,,cik_not_found
DMYI,,,,cik_not_found
DMYS,,,,cik_not_found
DMYT,,,,cik_not_found
DMYY,,,,cik_not_found
DNAA,,,,cik_not_found
DNAB,,,,cik_not_found
DNAC,,,,cik_not_found
DNAD,,,,cik_not_found
DNB,,,,cik_not_found
DNK,,,,cik_not_found
DNUT,0001857154,5400,Retail-Food Stores,ok
DOCS,0001516513,7371,Services-Computer Programming Services,ok
DOLE,0001857475,0100,Agricultural Production-Crops,ok
DOYU,0001762417,7370,"Services-Computer Programming, Data Processing, Etc.",ok
DPCS,,,,cik_not_found
DPHC,,,,cik_not_found
DRAY,,,,cik_not_found
DRCT,0001880613,7310,Services-Advertising,ok
DRDB,0002032528,6770,Blank Checks,ok
DRMA,0001853816,2834,Pharmaceutical Preparations,ok
DSAC,0002082149,6770,Blank Checks,ok
DSAQ,,,,cik_not_found
DT,0001773383,7372,Services-Prepackaged Software,ok
DTC,,,,cik_not_found
DTCK,,,,cik_not_found
DTIL,0001357874,2836,"Biological Products, (No Diagnostic Substances)",ok
DTRT,,,,cik_not_found
DTSQ,0002017950,6770,Blank Checks,ok
DUET,,,,cik_not_found
DUNE,,,,cik_not_found
DUO,0001750593,6500,Real Estate,ok
DUOL,0001562088,7372,Services-Prepackaged Software,ok
DWAC,,,,cik_not_found
DWIN,,,,cik_not_found
DYCQ,,,,cik_not_found
DYN,0001818794,2834,Pharmaceutical Preparations,ok
DYNX,,,,cik_not_found
EAR,,,,cik_not_found
EBC,0001810546,6035,"Savings Institution, Federally Chartered",ok
EBON,0001799290,6200,"Security & Commodity Brokers, Dealers, Exchanges & Services",ok
EDBL,0001809750,0100,Agricultural Production-Crops,ok
EDNC,,,,cik_not_found
EDTK,0001782309,8200,Services-Educational Services,ok
EDTX,,,,cik_not_found
EE,0001888447,4924,Natural Gas Distribution,ok
EFHT,,,,cik_not_found
EH,0001759783,3728,"Aircraft Parts & Auxiliary Equipment, NEC",ok
EHGO,0001879754,7359,"Services-Equipment Rental & Leasing, NEC",ok
EIC,0001754836,,,no_sic
ELAB,0001840563,2834,Pharmaceutical Preparations,ok
ELEV,,,,cik_not_found
ELUT,0001708527,2836,"Biological Products, (No Diagnostic Substances)",ok
ELVN,0001672619,2834,Pharmaceutical Preparations,ok
ELWS,,,,cik_not_found
ELYM,,,,cik_not_found
EMCG,,,,cik_not_found
EMPD,0001829794,6199,Finance Services,ok
EMPW,,,,cik_not_found
ENCP,,,,cik_not_found
ENER,,,,cik_not_found
ENFN,,,,cik_not_found
ENLT,0001922641,4911,Electric Services,ok
ENPC,,,,cik_not_found
ENTF,,,,cik_not_found
EOCW,,,,cik_not_found
EQD,,,,cik_not_found
EQV,,,,cik_not_found
ERAS,0001761918,2834,Pharmaceutical Preparations,ok
ERES,,,,cik_not_found
ESAC,,,,cik_not_found
ESHA,0001918661,6770,Blank Checks,ok
ESMT,,,,cik_not_found
ESSC,,,,cik_not_found
ETAC,,,,cik_not_found
ETHM,0002028699,6770,Blank Checks,ok
ETNB,,,,cik_not_found
EUCR,,,,cik_not_found
EURK,0002000410,4400,Water Transportation,ok
EVCM,0001853145,7372,Services-Prepackaged Software,ok
EVE,,,,cik_not_found
EVGR,,,,cik_not_found
EVO,0001412558,2834,Pharmaceutical Preparations,ok
EWCZ,0001856236,7200,Services-Personal Services,ok
EXAI,,,,cik_not_found
EXFY,0001476840,7372,Services-Prepackaged Software,ok
EXPC,,,,cik_not_found
EZFL,,,,cik_not_found
FA,0001210677,7374,Services-Computer Processing & Data Preparation,ok
FACT,0002028935,3728,"Aircraft Parts & Auxiliary Equipment, NEC",ok
FAII,,,,cik_not_found
FATP,,,,cik_not_found
FBLG,0001958777,2834,Pharmaceutical Preparations,ok
FCAC,,,,cik_not_found
FDMT,0001650648,2836,"Biological Products, (No Diagnostic Substances)",ok
FEAC,,,,cik_not_found
FEBO,0001957001,3634,Electric Housewares & Fans,ok
FEXD,,,,cik_not_found
FGI,0001864943,3430,"Heating Equip, Except Elec & Warm Air; & Plumbing Fixtures",ok
FGL,0001989930,1700,Construction - Special Trade Contractors,ok
FGMC,0001906364,1520,General Bldg Contractors - Residential Bldgs,ok
FGNA,,,,cik_not_found
FHLT,,,,cik_not_found
FHTX,0001822462,2834,Pharmaceutical Preparations,ok
FIAC,,,,cik_not_found
FICV,,,,cik_not_found
FIHL,0001636639,6331,"Fire, Marine & Casualty Insurance",ok
FIII,,,,cik_not_found
FINW,0001856365,6022,State Commercial Banks,ok
FLAC,,,,cik_not_found
FLAG,,,,cik_not_found
FLD,0001889123,6199,Finance Services,ok
FLFV,,,,cik_not_found
FLLC,,,,cik_not_found
FLNC,0001868941,3690,"Miscellaneous Electrical Machinery, Equipment & Supplies",ok
FLX,0001858724,4210,Trucking & Courier Services (No Air),ok
FLYA,,,,cik_not_found
FLYE,0001975940,3711,Motor Vehicles & Passenger Car Bodies,ok
FMAC,0002099232,6770,Blank Checks,ok
FMTX,,,,cik_not_found
FNA,,,,cik_not_found
FNUC,0001769697,1090,Miscellaneous Metal Ores,ok
FNVT,,,,cik_not_found
FORG,,,,cik_not_found
FORL,,,,cik_not_found
FOUN,,,,cik_not_found
FOUR,0001794669,7389,"Services-Business Services, NEC",ok
FPAC,,,,cik_not_found
FRBN,,,,cik_not_found
FRES,,,,cik_not_found
FRLA,,,,cik_not_found
FRLN,,,,cik_not_found
FROG,0001800667,7372,Services-Prepackaged Software,ok
FRSH,0001544522,7372,Services-Prepackaged Software,ok
FRX,,,,cik_not_found
FRZA,,,,cik_not_found
FSDC,,,,cik_not_found
FSHP,0001850059,6770,Blank Checks,ok
FSLY,0001517413,7372,Services-Prepackaged Software,ok
FSRV,,,,cik_not_found
FST,,,,cik_not_found
FTCV,,,,cik_not_found
FTHM,0001753162,6531,Real Estate Agents & Managers (For Others),ok
FTII,,,,cik_not_found
FTIV,,,,cik_not_found
FTOC,,,,cik_not_found
FTVI,,,,cik_not_found
FUBO,0001484769,7812,Services-Motion Picture & Video Tape Production,ok
FULC,0001680581,2834,Pharmaceutical Preparations,ok
FUSE,0002033383,7373,Services-Computer Integrated Systems Design,ok
FUSN,,,,cik_not_found
FUTU,0001754581,6211,"Security Brokers, Dealers & Flotation Companies",ok
FVAC,,,,cik_not_found
FVAM,,,,cik_not_found
FVN,0002010653,7373,Services-Computer Integrated Systems Design,ok
FVR,0001988494,6798,Real Estate Investment Trusts,ok
FVRR,0001762301,7389,"Services-Business Services, NEC",ok
FWRG,0001789940,5812,Retail-Eating  Places,ok
FXCO,,,,cik_not_found
FXLV,,,,cik_not_found
GAMB,0001839799,7990,Services-Miscellaneous Amusement & Recreation,ok
GAN,,,,cik_not_found
GAQ,,,,cik_not_found
GATE,,,,cik_not_found
GATO,,,,cik_not_found
GAUZ,0001781446,3690,"Miscellaneous Electrical Machinery, Equipment & Supplies",ok
GBBK,,,,cik_not_found
GBIO,,,,cik_not_found
GBS,,,,cik_not_found
GCT,0001857816,5961,Retail-Catalog & Mail-Order Houses,ok
GDHG,0001928340,7990,Services-Miscellaneous Amusement & Recreation,ok
GDNR,,,,cik_not_found
GDRX,0001809519,7374,Services-Computer Processing & Data Preparation,ok
GDST,0001858007,3620,Electrical Industrial Apparatus,ok
GDTC,0001873093,2834,Pharmaceutical Preparations,ok
GEEX,,,,cik_not_found
GELS,0001920092,2834,Pharmaceutical Preparations,ok
GENK,0001891856,5812,Retail-Eating  Places,ok
GENQ,,,,cik_not_found
GFGD,,,,cik_not_found
GFL,0001780232,4953,Refuse Systems,ok
GFS,0001709048,3674,Semiconductors & Related Devices,ok
GFX,,,,cik_not_found
GGAA,,,,cik_not_found
GGGV,,,,cik_not_found
GGRP,0001854445,7371,Services-Computer Programming Services,ok
GHIV,,,,cik_not_found
GHIX,,,,cik_not_found
GHLD,,,,cik_not_found
GHRS,0001855129,2834,Pharmaceutical Preparations,ok
GHSI,,,,cik_not_found
GHVI,,,,cik_not_found
GIA,,,,cik_not_found
GIAC,,,,cik_not_found
GIG,0002023730,4911,Electric Services,ok
GIK,,,,cik_not_found
GIPR,0001651721,6798,Real Estate Investment Trusts,ok
GIX,0002098712,6770,Blank Checks,ok
GLAC,,,,cik_not_found
GLAQ,,,,cik_not_found
GLE,0001908705,7374,Services-Computer Processing & Data Preparation,ok
GLEE,,,,cik_not_found
GLEO,,,,cik_not_found
GLLI,,,,cik_not_found
GLSI,0001799788,2834,Pharmaceutical Preparations,ok
GLST,,,,cik_not_found
GLTA,,,,cik_not_found
GLUE,0001826457,2836,"Biological Products, (No Diagnostic Substances)",ok
GLXG,0001905920,8700,"Services-Engineering, Accounting, Research, Management",ok
GMEX,0001928581,3949,"Sporting & Athletic Goods, NEC",ok
GMFI,,,,cik_not_found
GMHI,,,,cik_not_found
GMM,0001913749,7370,"Services-Computer Programming, Data Processing, Etc.",ok
GMVDF,,,,cik_not_found
GNFT,,,,cik_not_found
GNLN,0001743745,5099,"Wholesale-Durable Goods, NEC",ok
GNLX,0001231457,2834,Pharmaceutical Preparations,ok
GNPK,,,,cik_not_found
GNS,0001847806,7372,Services-Prepackaged Software,ok
GNTA,0001838716,2836,"Biological Products, (No Diagnostic Substances)",ok
GO,0001771515,5411,Retail-Grocery Stores,ok
GOAC,,,,cik_not_found
GOBI,,,,cik_not_found
GOCO,0001808220,6411,"Insurance Agents, Brokers & Service",ok
GODN,,,,cik_not_found
GOGN,,,,cik_not_found
GOSS,0001728117,2834,Pharmaceutical Preparations,ok
GOTU,0001768259,8200,Services-Educational Services,ok
GP,0001584547,3713,Truck & Bus Bodies,ok
GPAK,,,,cik_not_found
GPAT,0001834526,6770,Blank Checks,ok
GPCO,,,,cik_not_found
GPCR,0001888886,2834,Pharmaceutical Preparations,ok
GRAF,0001897463,6770,Blank Checks,ok
GRAY,0002073548,6211,"Security Brokers, Dealers & Flotation Companies",ok
GRCY,,,,cik_not_found
GRDN,0001802255,5912,Retail-Drug Stores and Proprietary Stores,ok
GRNV,,,,cik_not_found
GRO,0001472326,1400,Mining & Quarrying of  Nonmetallic Minerals (No Fuels),ok
GRSV,,,,cik_not_found
GRTX,0001563577,2834,Pharmaceutical Preparations,ok
GSAH,,,,cik_not_found
GSIW,0001954269,6200,"Security & Commodity Brokers, Dealers, Exchanges & Services",ok
GSRM,,,,cik_not_found
GSRT,,,,cik_not_found
GSUN,0001826376,8200,Services-Educational Services,ok
GTAC,,,,cik_not_found
GTH,,,,cik_not_found
GTLB,0001653482,7372,Services-Prepackaged Software,ok
GUTS,0001572616,3841,Surgical & Medical Instruments & Apparatus,ok
GV,0001892274,8200,Services-Educational Services,ok
GVCI,,,,cik_not_found
GVH,0001978527,4731,Arrangement of  Transportation of  Freight & Cargo,ok
GWAC,,,,cik_not_found
GWII,,,,cik_not_found
GXAI,0001895618,7372,Services-Prepackaged Software,ok
GXGX,,,,cik_not_found
HAAC,,,,cik_not_found
HAIA,,,,cik_not_found
HAO,0001954594,7311,Services-Advertising Agencies,ok
HARP,,,,cik_not_found
HBT,0000775215,6022,State Commercial Banks,ok
HCAC,0002079013,3341,Secondary Smelting & Refining of  Nonferrous Metals,ok
HCAR,,,,cik_not_found
HCAT,0001636422,7370,"Services-Computer Programming, Data Processing, Etc.",ok
HCCO,,,,cik_not_found
HCDIQ,,,,cik_not_found
HCMA,0002069856,6770,Blank Checks,ok
HCP,,,,cik_not_found
HCTI,0001839285,7373,Services-Computer Integrated Systems Design,ok
HCVI,,,,cik_not_found
HCWB,0001828673,2834,Pharmaceutical Preparations,ok
HDL,0001995306,5812,Retail-Eating  Places,ok
HEC,,,,cik_not_found
HEPS,0001850235,5961,Retail-Catalog & Mail-Order Houses,ok
HERE,0001932770,5945,"Retail-Hobby, Toy & Game Shops",ok
HFEN,,,,cik_not_found
HG,0001593275,6331,"Fire, Marine & Casualty Insurance",ok
HHGC,,,,cik_not_found
HHR,,,,cik_not_found
HIGA,,,,cik_not_found
HIT,0002019505,6411,"Insurance Agents, Brokers & Service",ok
HKD,0001809691,6199,Finance Services,ok
HKIT,0001742341,7372,Services-Prepackaged Software,ok
HLP,0001855557,3569,"General Industrial Machinery & Equipment, NEC",ok
HLTHQ,,,,cik_not_found
HLVX,,,,cik_not_found
HLXA,,,,cik_not_found
HLXB,,,,cik_not_found
HMA,,,,cik_not_found
HMAC,,,,cik_not_found
HMCO,,,,cik_not_found
HNRA,,,,cik_not_found
HNVR,0001828588,6022,State Commercial Banks,ok
HOL,,,,cik_not_found
HOND,,,,cik_not_found
HOOD,0001783879,6211,"Security Brokers, Dealers & Flotation Companies",ok
HOOK,0001760542,2834,Pharmaceutical Preparations,ok
HORI,,,,cik_not_found
HOTH,0001711786,2834,Pharmaceutical Preparations,ok
HOUR,0001874875,5961,Retail-Catalog & Mail-Order Houses,ok
HPCO,,,,cik_not_found
HPH,,,,cik_not_found
HPLT,,,,cik_not_found
HPX,,,,cik_not_found
HRMY,0001802665,2834,Pharmaceutical Preparations,ok
HRT,,,,cik_not_found
HRYU,,,,cik_not_found
HSAI,0001861737,3569,"General Industrial Machinery & Equipment, NEC",ok
HSAQ,,,,cik_not_found
HSCS,0001468492,6199,Finance Services,ok
HSHP,0001959455,4412,Deep Sea Foreign Transportation of  Freight,ok
HSPO,,,,cik_not_found
HSPT,0002032950,6770,Blank Checks,ok
HTAQ,,,,cik_not_found
HTCR,0001892322,7374,Services-Computer Processing & Data Preparation,ok
HTLM,0002023153,5712,Retail-Furniture Stores,ok
HTPA,,,,cik_not_found
HUDA,,,,cik_not_found
HUHU,0001945415,3360,Nonferrous Foundries (Castings),ok
HUIZ,0001778982,6411,"Insurance Agents, Brokers & Service",ok
HWEL,,,,cik_not_found
HWKZ,,,,cik_not_found
HYAC,,,,cik_not_found
HYFM,0001695295,5190,Wholesale-Miscellaneous Nondurable Goods,ok
HZAC,,,,cik_not_found
HZON,,,,cik_not_found
IACA,,,,cik_not_found
IAS,,,,cik_not_found
IBAC,0001998781,8731,Services-Commercial Physical & Biological Research,ok
IBEX,0001720420,7374,Services-Computer Processing & Data Preparation,ok
IBG,0001924482,2080,Beverages,ok
IBO,0001834105,2834,Pharmaceutical Preparations,ok
IBTA,0001538379,7310,Services-Advertising,ok
ICG,0001895597,3674,Semiconductors & Related Devices,ok
ICNC,,,,cik_not_found
ICON,0001995574,4412,Deep Sea Foreign Transportation of  Freight,ok
ICVX,,,,cik_not_found
IDYA,0001676725,2834,Pharmaceutical Preparations,ok
IE,0001879016,1000,Metal Mining,ok
IFIN,,,,cik_not_found
IFS,0001615903,6029,"Commercial Banks, NEC",ok
IGAC,0002075068,6770,Blank Checks,ok
IGMS,,,,cik_not_found
IGTA,0001866838,6770,Blank Checks,ok
IH,0001814423,8200,Services-Educational Services,ok
IHRT,0001400891,4832,Radio Broadcasting Stations,ok
IHS,0001876183,4812,Radiotelephone Communications,ok
IIAC,,,,cik_not_found
IIII,,,,cik_not_found
IINN,0001837493,3841,Surgical & Medical Instruments & Apparatus,ok
IKT,0001750149,2836,"Biological Products, (No Diagnostic Substances)",ok
ILAG,0001814963,2540,"Partitions, Shelvg, Lockers, & of fice & Store Fixtures",ok
IMAQ,0001846235,7812,Services-Motion Picture & Video Tape Production,ok
IMG,,,,cik_not_found
IMGO,,,,cik_not_found
IMMX,0001873835,2834,Pharmaceutical Preparations,ok
IMNM,0001472012,2834,Pharmaceutical Preparations,ok
IMPX,,,,cik_not_found
IMRX,0001790340,2834,Pharmaceutical Preparations,ok
INAB,0001740279,2836,"Biological Products, (No Diagnostic Substances)",ok
INAQ,,,,cik_not_found
INBX,0002007919,2836,"Biological Products, (No Diagnostic Substances)",ok
INDO,0001757840,1311,Crude Petroleum & Natural Gas,ok
INFA,,,,cik_not_found
INGM,0001897762,5045,Wholesale-Computers & Peripheral Equipment & Software,ok
INHD,0001961847,5990,"Retail-Retail Stores, NEC",ok
INKT,0001840229,2836,"Biological Products, (No Diagnostic Substances)",ok
INMB,0001711754,2836,"Biological Products, (No Diagnostic Substances)",ok
INMD,0001742692,3845,Electromedical & Electrotherapeutic Apparatus,ok
INST,,,,cik_not_found
INSU,,,,cik_not_found
INTA,0001565687,7372,Services-Prepackaged Software,ok
INTE,,,,cik_not_found
INTJ,0001916416,8742,Services-Management Consulting Services,ok
INTS,0001567264,2836,"Biological Products, (No Diagnostic Substances)",ok
INTZ,0000736012,3576,Computer Communications Equipment,ok
INZY,,,,cik_not_found
IOAC,,,,cik_not_found
IOBT,,,,cik_not_found
IOT,0001642896,7373,Services-Computer Integrated Systems Design,ok
IPAX,,,,cik_not_found
IPHA,0001598599,2836,"Biological Products, (No Diagnostic Substances)",ok
IPOB,,,,cik_not_found
IPOC,,,,cik_not_found
IPOD,0002041047,6770,Blank Checks,ok
IPOE,,,,cik_not_found
IPOF,,,,cik_not_found
IPST,0001788230,2080,Beverages,ok
IPV,,,,cik_not_found
IPXX,,,,cik_not_found
IQMD,,,,cik_not_found
IREN,0001878848,6199,Finance Services,ok
IROH,,,,cik_not_found
IRRX,,,,cik_not_found
ISO,,,,cik_not_found
ISPR,0001948455,2111,Cigarettes,ok
ISRL,,,,cik_not_found
ITAC,,,,cik_not_found
ITAQ,,,,cik_not_found
ITOC,0001970544,3845,Electromedical & Electrotherapeutic Apparatus,ok
ITOS,,,,cik_not_found
IVA,0001756594,2834,Pharmaceutical Preparations,ok
IVCA,,,,cik_not_found
IVCB,,,,cik_not_found
IVCP,,,,cik_not_found
IVP,,,,cik_not_found
IVVD,0001832038,2836,"Biological Products, (No Diagnostic Substances)",ok
IXAQ,,,,cik_not_found
IZM,0001854572,5731,"Retail-Radio, Tv & Consumer Electronics Stores",ok
JACS,0002039058,6770,Blank Checks,ok
JAMF,,,,cik_not_found
JAQC,,,,cik_not_found
JATT,0002112446,6770,Blank Checks,ok
JBDI,0001964314,3412,"Metal Shipping Barrels, Drums, Kegs & Pails",ok
JCSE,0001905511,3990,Miscellaneous Manufacturing Industries,ok
JDZG,0001976908,8200,Services-Educational Services,ok
JEWL,,,,cik_not_found
JFIN,0001743102,6199,Finance Services,ok
JFK,,,,cik_not_found
JFU,0001619544,6199,Finance Services,ok
JGGC,,,,cik_not_found
JIH,,,,cik_not_found
JL,0001948436,5600,Retail-Apparel & Accessory Stores,ok
JMAC,,,,cik_not_found
JMIA,0001756708,5961,Retail-Catalog & Mail-Order Houses,ok
JNVR,,,,cik_not_found
JUN,,,,cik_not_found
JUNE,,,,cik_not_found
JUNS,0001679628,2834,Pharmaceutical Preparations,ok
JVSA,,,,cik_not_found
JWAC,,,,cik_not_found
JWS,,,,cik_not_found
JYAC,,,,cik_not_found
JYD,0001938186,4731,Arrangement of  Transportation of  Freight & Cargo,ok
JZ,0001852440,8200,Services-Educational Services,ok
KACL,,,,cik_not_found
KAPA,0001962011,2834,Pharmaceutical Preparations,ok
KBNT,,,,cik_not_found
KC,0001795589,7372,Services-Prepackaged Software,ok
KCAC,,,,cik_not_found
KCAC3,,,,cik_not_found
KCGI,,,,cik_not_found
KGS,0001767042,4922,Natural Gas Transmission,ok
KINZ,,,,cik_not_found
KLC,0001873529,8351,Services-Child Day Care Services,ok
KLDO,,,,cik_not_found
KLTR,0001432133,7372,Services-Prepackaged Software,ok
KNSW,,,,cik_not_found
KNTE,,,,cik_not_found
KRBP,,,,cik_not_found
KRKR,0001779476,7389,"Services-Business Services, NEC",ok
KRON,,,,cik_not_found
KROS,0001664710,2834,Pharmaceutical Preparations,ok
KRRO,0001703647,2834,Pharmaceutical Preparations,ok
KRTX,,,,cik_not_found
KRUS,0001772177,5812,Retail-Eating  Places,ok
KSCP,0001600983,3669,"Communications Equipment, NEC",ok
KSMT,,,,cik_not_found
KSPI,0001985487,7389,"Services-Business Services, NEC",ok
KTTA,0001841330,2834,Pharmaceutical Preparations,ok
KVAC,0001889983,6770,Blank Checks,ok
KVUE,0001944048,2844,"Perfumes, Cosmetics & Other Toilet Preparations",ok
KVYO,0001835830,7372,Services-Prepackaged Software,ok
KWAC,,,,cik_not_found
KYCH,,,,cik_not_found
KYMR,0001815442,2836,"Biological Products, (No Diagnostic Substances)",ok
KYTX,0001994702,2836,"Biological Products, (No Diagnostic Substances)",ok
LASE,0001807887,3690,"Miscellaneous Electrical Machinery, Equipment & Supplies",ok
LATG,,,,cik_not_found
LATN,,,,cik_not_found
LAW,0001625641,7372,Services-Prepackaged Software,ok
LAX,,,,cik_not_found
LB,0001995807,6792,Oil Royalty Traders,ok
LBBB,,,,cik_not_found
LBGJ,0001896425,3580,Refrigeration & Service Industry Machinery,ok
LCA,,,,cik_not_found
LCAP,,,,cik_not_found
LCFY,0001875547,7370,"Services-Computer Programming, Data Processing, Etc.",ok
LCW,,,,cik_not_found
LCY,,,,cik_not_found
LEAP,,,,cik_not_found
LEGN,0001801198,2834,Pharmaceutical Preparations,ok
LEGT,0002002038,6770,Blank Checks,ok
LENZ,0001815776,2836,"Biological Products, (No Diagnostic Substances)",ok
LESL,0001821806,5990,"Retail-Retail Stores, NEC",ok
LEVI,0000094845,2300,Apparel & Other Finishd Prods of  Fabrics & Similar Matl,ok
LFAC,0002084563,6770,Blank Checks,ok
LFTR,,,,cik_not_found
LGCB,0001969401,5961,Retail-Catalog & Mail-Order Houses,ok
LGCL,0001954694,7370,"Services-Computer Programming, Data Processing, Etc.",ok
LGCY,0001836754,8200,Services-Educational Services,ok
LGST,,,,cik_not_found
LGTO,,,,cik_not_found
LGVC,,,,cik_not_found
LGVW,,,,cik_not_found
LI,0001791706,3711,Motor Vehicles & Passenger Car Bodies,ok
LIANY,0001831283,2834,Pharmaceutical Preparations,ok
LIBY,,,,cik_not_found
LICN,0001876766,8742,Services-Management Consulting Services,ok
LIEN,0001843162,,,no_sic
LINE,0001868159,6798,Real Estate Investment Trusts,ok
LINX,,,,cik_not_found
LION,0002052959,7812,Services-Motion Picture & Video Tape Production,ok
LIPO,0001347242,2834,Pharmaceutical Preparations,ok
LIVB,,,,cik_not_found
LIVK,,,,cik_not_found
LKNCY,0001767582,5810,Retail-Eating & Drinking Places,ok
LMND,0001691421,6331,"Fire, Marine & Casualty Insurance",ok
LMPX,,,,cik_not_found
LNFA,,,,cik_not_found
LNKS,0001972074,3670,Electronic Components & Accessories,ok
LOAK,,,,cik_not_found
LOAR,0002000178,3728,"Aircraft Parts & Auxiliary Equipment, NEC",ok
LOBO,0001932072,3751,"Motorcycles, Bicycles & Parts",ok
LOCC,,,,cik_not_found
LOGC,0002064307,1400,Mining & Quarrying of  Nonmetallic Minerals (No Fuels),ok
LOKB,,,,cik_not_found
LONA,0001620463,2836,"Biological Products, (No Diagnostic Substances)",ok
LPAA,0002015502,6770,Blank Checks,ok
LPBB,0002023676,3443,Fabricated Plate Work (Boiler Shops),ok
LQR,,,,cik_not_found
LRE,0001888980,1531,Operative Builders,ok
LRHC,0001879403,6531,Real Estate Agents & Managers (For Others),ok
LSAC,,,,cik_not_found
LSAQ,,,,cik_not_found
LSDIF,,,,cik_not_found
LSE,0001985139,3533,Oil & Gas Field Machinery & Equipment,ok
LSF,0001650696,2000,Food and Kindred Products,ok
LSH,0001996192,4731,Arrangement of  Transportation of  Freight & Cargo,ok
LSPD,0001823306,7372,Services-Prepackaged Software,ok
LSPR,,,,cik_not_found
LTH,0001869198,7997,Services-Membership Sports & Recreation Clubs,ok
LTRN,0001763950,2834,Pharmaceutical Preparations,ok
LU,0001816007,6199,Finance Services,ok
LUCD,0001799011,3841,Surgical & Medical Instruments & Apparatus,ok
LUCY,0001808377,3851,Ophthalmic Goods,ok
LUNG,0001127537,3841,Surgical & Medical Instruments & Apparatus,ok
LUXA,,,,cik_not_found
LVAC,,,,cik_not_found
LVGO,,,,cik_not_found
LVLU,0001780201,5961,Retail-Catalog & Mail-Order Houses,ok
LXEH,0001814067,8200,Services-Educational Services,ok
LXEO,0001907108,2836,"Biological Products, (No Diagnostic Substances)",ok
LYFT,0001759509,7389,"Services-Business Services, NEC",ok
LYRA,0001327273,3841,Surgical & Medical Instruments & Apparatus,ok
LYT,,,,cik_not_found
LZ,0001286139,7374,Services-Computer Processing & Data Preparation,ok
MAAC,,,,cik_not_found
MAAQ,,,,cik_not_found
MACI,0002016221,7389,"Services-Business Services, NEC",ok
MACU,,,,cik_not_found
MAIA,0001878313,2834,Pharmaceutical Preparations,ok
MAMO,0001952853,3790,Miscellaneous Transportation Equipment,ok
MARX,,,,cik_not_found
MASS,0001555279,3826,Laboratory Analytical Instruments,ok
MAX,0001818383,7389,"Services-Business Services, NEC",ok
MBAV,0002016072,6770,Blank Checks,ok
MBLY,0001910139,7372,Services-Prepackaged Software,ok
MBSC,,,,cik_not_found
MBX,0001776111,2834,Pharmaceutical Preparations,ok
MCAA,,,,cik_not_found
MCAC,,,,cik_not_found
MCAF,,,,cik_not_found
MCAG,0001859035,3841,Surgical & Medical Instruments & Apparatus,ok
MCBS,0001747068,6022,State Commercial Banks,ok
MCFE,,,,cik_not_found
MCMJ,,,,cik_not_found
MCW,0001853513,7500,"Services-Automotive Repair, Services & Parking",ok
MDBH,0001934642,6199,Finance Services,ok
MDJH,,,,cik_not_found
MDLA,,,,cik_not_found
MDV,0001645873,6798,Real Estate Investment Trusts,ok
MDWT,,,,cik_not_found
MDXH,0001872529,8071,Services-Medical Laboratories,ok
MEC,0001766368,3460,Metal Forgings & Stampings,ok
MEG,0001643615,8742,Services-Management Consulting Services,ok
MEGL,0001881472,6199,Finance Services,ok
MEKA,,,,cik_not_found
MEOA,,,,cik_not_found
MFI,0001940941,7371,Services-Computer Programming Services,ok
MFLTF,,,,cik_not_found
MGAM,0001886362,7900,Services-Amusement & Recreation Services,ok
MGIH,0001903995,2750,Commercial Printing,ok
MGOL,,,,cik_not_found
MGRX,0001938046,8090,"Services-Misc Health & Allied Services, NEC",ok
MGX,0001785279,2836,"Biological Products, (No Diagnostic Substances)",ok
MHUA,,,,cik_not_found
MIRA,0001904286,2834,Pharmaceutical Preparations,ok
MIRM,0001759425,2834,Pharmaceutical Preparations,ok
MIRO,,,,cik_not_found
MITA,,,,cik_not_found
MITO,,,,cik_not_found
MITQ,0001770236,3861,Photographic Equipment & Supplies,ok
MKDTY,,,,cik_not_found
MKULQ,,,,cik_not_found
MLAC,0002029492,6770,Blank Checks,ok
MLAI,,,,cik_not_found
MLNK,,,,cik_not_found
MLYS,0001933414,2834,Pharmaceutical Preparations,ok
MMA,0001981519,7380,Services-Miscellaneous Business Services,ok
MNCL,,,,cik_not_found
MNDR,0001976695,7372,Services-Prepackaged Software,ok
MNPR,0001645469,2834,Pharmaceutical Preparations,ok
MNR,0001980088,1311,Crude Petroleum & Natural Gas,ok
MNRL,,,,cik_not_found
MNSO,0001815846,5331,Retail-Variety Stores,ok
MNTN,0001891027,7310,Services-Advertising,ok
MOB,0001898643,3721,Aircraft,ok
MOBV,,,,cik_not_found
MOHOY,,,,cik_not_found
MORF,,,,cik_not_found
MOTN,,,,cik_not_found
MOTV,,,,cik_not_found
MPRA,,,,cik_not_found
MRAC,,,,cik_not_found
MRAI,0001844392,8090,"Services-Misc Health & Allied Services, NEC",ok
MRM,0001819704,7200,Services-Personal Services,ok
MRVI,0001823239,2834,Pharmaceutical Preparations,ok
MRX,0001997464,6200,"Security & Commodity Brokers, Dealers, Exchanges & Services",ok
MSP,,,,cik_not_found
MSS,0001892292,5411,Retail-Grocery Stores,ok
MSSA,,,,cik_not_found
MSW,0001956166,1700,Construction - Special Trade Contractors,ok
MTAC,,,,cik_not_found
MTAL,0002107724,6770,Blank Checks,ok
MTC,0001742518,6211,"Security Brokers, Dealers & Flotation Companies",ok
MTCR,,,,cik_not_found
MTEK,0001872964,3669,"Communications Equipment, NEC",ok
MTEN,0001948099,3442,"Metal Doors, Sash, Frames, Moldings & Trim",ok
MTRY,,,,cik_not_found
MTVC,,,,cik_not_found
MUDS,,,,cik_not_found
MURF,,,,cik_not_found
MWG,0001941500,3990,Miscellaneous Manufacturing Industries,ok
MWK,,,,cik_not_found
MXCT,0001287098,8731,Services-Commercial Physical & Biological Research,ok
MYNA,,,,cik_not_found
MYSE,0001648960,4822,Telegraph & Other Message Communications,ok
NAKA,0001946573,6199,Finance Services,ok
NAMI,0001967631,8200,Services-Educational Services,ok
NARI,,,,cik_not_found
NBA,,,,cik_not_found
NBAC,,,,cik_not_found
NBP,0001778016,2834,Pharmaceutical Preparations,ok
NBTX,0001760854,2834,Pharmaceutical Preparations,ok
NCAC,,,,cik_not_found
NCEW,0001968043,4731,Arrangement of  Transportation of  Freight & Cargo,ok
NCI,0001916331,2300,Apparel & Other Finishd Prods of  Fabrics & Similar Matl,ok
NCL,0001923780,3089,"Plastics Products, NEC",ok
NCNO,0001902733,7372,Services-Prepackaged Software,ok
NEBC,,,,cik_not_found
NET,0001477333,7372,Services-Prepackaged Software,ok
NETC,,,,cik_not_found
NETD,,,,cik_not_found
NEUE,,,,cik_not_found
NEXR,0001885408,5900,Retail-Miscellaneous Retail,ok
NFE,0001749723,4924,Natural Gas Distribution,ok
NFIN,,,,cik_not_found
NFNT,,,,cik_not_found
NFYS,,,,cik_not_found
NGA,,,,cik_not_found
NGAC,,,,cik_not_found
NGM,,,,cik_not_found
NGMS,,,,cik_not_found
NHIC,0002043699,6770,Blank Checks,ok
NIPG,0001966233,7990,Services-Miscellaneous Amusement & Recreation,ok
NKTX,0001787400,2834,Pharmaceutical Preparations,ok
NLIT,,,,cik_not_found
NMMC,,,,cik_not_found
NMRA,0001885522,2836,"Biological Products, (No Diagnostic Substances)",ok
NNAG,,,,cik_not_found
NNE,0001923891,4911,Electric Services,ok
NNOX,0001795251,3844,X-Ray Apparatus & Tubes & Related Irradiation Apparatus,ok
NOAC,,,,cik_not_found
NOEM,0001956648,6770,Blank Checks,ok
NOVA,,,,cik_not_found
NOVS,,,,cik_not_found
NOVV,,,,cik_not_found
NPA,,,,cik_not_found
NPAB,,,,cik_not_found
NRDS,0001625278,7374,Services-Computer Processing & Data Preparation,ok
NREF,0001786248,6798,Real Estate Investment Trusts,ok
NRIX,0001549595,2834,Pharmaceutical Preparations,ok
NRSN,0001875091,2834,Pharmaceutical Preparations,ok
NRXS,0001933567,3845,Electromedical & Electrotherapeutic Apparatus,ok
NSH,,,,cik_not_found
NTCL,0001927578,7372,Services-Prepackaged Software,ok
NTST,0001798100,6798,Real Estate Investment Trusts,ok
NTWO,0002028027,6770,Blank Checks,ok
NU,0001691493,6199,Finance Services,ok
NUBI,,,,cik_not_found
NUVL,0001861560,2834,Pharmaceutical Preparations,ok
NUZE,,,,cik_not_found
NVAC,,,,cik_not_found
NVCT,0001875558,2834,Pharmaceutical Preparations,ok
NVEI,,,,cik_not_found
NVST,0001757073,3843,Dental Equipment & Supplies,ok
NWGL,0001948294,2400,Lumber & Wood Products (No Furniture),ok
NXGL,0001468929,3841,Surgical & Medical Instruments & Apparatus,ok
NXL,0001527352,3845,Electromedical & Electrotherapeutic Apparatus,ok
NXT,0001852131,3674,Semiconductors & Related Devices,ok
NXTC,0001661059,2834,Pharmaceutical Preparations,ok
NXU,,,,cik_not_found
NYXH,0001857190,3841,Surgical & Medical Instruments & Apparatus,ok
OAC,,,,cik_not_found
OACB,,,,cik_not_found
OACC,0002029769,6770,Blank Checks,ok
OAKU,,,,cik_not_found
OB,,,,cik_not_found
OBDC,0001655888,,,no_sic
OCA,,,,cik_not_found
OCFT,,,,cik_not_found
OCG,0001776067,7380,Services-Miscellaneous Business Services,ok
ODD,0001907085,2844,"Perfumes, Cosmetics & Other Toilet Preparations",ok
OHAA,,,,cik_not_found
OKYO,0001849296,2836,"Biological Products, (No Diagnostic Substances)",ok
OLIT,,,,cik_not_found
OLMA,0001750284,2834,Pharmaceutical Preparations,ok
OLPX,0001868726,2844,"Perfumes, Cosmetics & Other Toilet Preparations",ok
OM,0001484612,3845,Electromedical & Electrotherapeutic Apparatus,ok
OMGA,,,,cik_not_found
OMH,0001944902,6531,Real Estate Agents & Managers (For Others),ok
ONCO,0001782107,2834,Pharmaceutical Preparations,ok
ONCR,,,,cik_not_found
ONEG,0002030834,1520,General Bldg Contractors - Residential Bldgs,ok
ONEM,,,,cik_not_found
ONEW,0001772921,5531,Retail-Auto & Home Supply Stores,ok
ONFO,0001825452,7374,Services-Computer Processing & Data Preparation,ok
ONON,0001858985,3021,Rubber & Plastics Footwear,ok
ONYX,,,,cik_not_found
OPRT,0001538716,6199,Finance Services,ok
OPT,,,,cik_not_found
ORIC,0001796280,2834,Pharmaceutical Preparations,ok
ORIS,0001964664,0100,Agricultural Production-Crops,ok
ORKT,0001979407,7372,Services-Prepackaged Software,ok
ORPHY,,,,cik_not_found
ORSN,,,,cik_not_found
OS,,,,cik_not_found
OSH,,,,cik_not_found
OST,0001803407,3679,"Electronic Components, NEC",ok
OSTX,0001795091,2834,Pharmaceutical Preparations,ok
OTRA,,,,cik_not_found
OXAC,,,,cik_not_found
OXUS,,,,cik_not_found
OYST,,,,cik_not_found
OZON,,,,cik_not_found
PACE,,,,cik_not_found
PACI,,,,cik_not_found
PACS,0002001184,8051,Services-Skilled Nursing Care Facilities,ok
PAFO,,,,cik_not_found
PAIC,,,,cik_not_found
PAIYY,0001757143,8093,"Services-Specialty Outpatient Facilities, NEC",ok
PAL,0001998768,4700,Transportation Services,ok
PANA,,,,cik_not_found
PAND,,,,cik_not_found
PAPL,0001938109,6199,Finance Services,ok
PASG,0001787297,2836,"Biological Products, (No Diagnostic Substances)",ok
PAVS,0001751876,7374,Services-Computer Processing & Data Preparation,ok
PBAX,,,,cik_not_found
PC,0001998056,5812,Retail-Eating  Places,ok
PCCT,,,,cik_not_found
PCPC,,,,cik_not_found
PCPL,,,,cik_not_found
PCSC,0002017526,8071,Services-Medical Laboratories,ok
PCVX,0001649094,2836,"Biological Products, (No Diagnostic Substances)",ok
PCX,,,,cik_not_found
PD,0001568100,7372,Services-Prepackaged Software,ok
PDAC,,,,cik_not_found
PECO,0001476204,6798,Real Estate Investment Trusts,ok
PEGR,,,,cik_not_found
PEPG,0001835597,2834,Pharmaceutical Preparations,ok
PEPL,,,,cik_not_found
PEV,,,,cik_not_found
PFHC,,,,cik_not_found
PFHD,,,,cik_not_found
PFTA,,,,cik_not_found
PGNY,0001551306,8090,"Services-Misc Health & Allied Services, NEC",ok
PGSS,,,,cik_not_found
PHAT,0001783183,2834,Pharmaceutical Preparations,ok
PHIC,,,,cik_not_found
PHR,0001412408,7389,"Services-Business Services, NEC",ok
PHYT,,,,cik_not_found
PIAI,,,,cik_not_found
PIC,,,,cik_not_found
PIK,,,,cik_not_found
PINE,0001786117,6798,Real Estate Investment Trusts,ok
PING,,,,cik_not_found
PINS,0001506293,7370,"Services-Computer Programming, Data Processing, Etc.",ok
PIPP,,,,cik_not_found
PLAO,,,,cik_not_found
PLMJ,,,,cik_not_found
PLMR,0001761312,6331,"Fire, Marine & Casualty Insurance",ok
PLRX,0001746473,2834,Pharmaceutical Preparations,ok
PLRZ,0001893645,3841,Surgical & Medical Instruments & Apparatus,ok
PLTN,,,,cik_not_found
PLTR,0001321655,7372,Services-Prepackaged Software,ok
PMAX,0002012096,7380,Services-Miscellaneous Business Services,ok
PMEC,0001891944,7340,Services-To Dwellings & Other Buildings,ok
PMNT,0001849221,2300,Apparel & Other Finishd Prods of  Fabrics & Similar Matl,ok
PMVC,0001807765,6770,Blank Checks,ok
PMVP,0001699382,2834,Pharmaceutical Preparations,ok
PNAC,,,,cik_not_found
POLCQ,,,,cik_not_found
POLE,0002025341,6770,Blank Checks,ok
PONO,0002108164,6770,Blank Checks,ok
PONY,0001969302,7373,Services-Computer Integrated Systems Design,ok
PORT,,,,cik_not_found
PPD,,,,cik_not_found
PPHP,,,,cik_not_found
PPYA,,,,cik_not_found
PRAX,0001689548,2834,Pharmaceutical Preparations,ok
PRBM,,,,cik_not_found
PRCT,0001588978,3841,Surgical & Medical Instruments & Apparatus,ok
PRFX,0001801834,2834,Pharmaceutical Preparations,ok
PRLD,0001678660,2834,Pharmaceutical Preparations,ok
PRLH,,,,cik_not_found
PRME,0001894562,2836,"Biological Products, (No Diagnostic Substances)",ok
PROS,,,,cik_not_found
PRPB,,,,cik_not_found
PRVL,,,,cik_not_found
PRZO,0001916241,3728,"Aircraft Parts & Auxiliary Equipment, NEC",ok
PSAC,,,,cik_not_found
PSBD,0001794776,,,no_sic
PSN,0000275880,7373,Services-Computer Integrated Systems Design,ok
PSNL,0001527753,8071,Services-Medical Laboratories,ok
PSTH,,,,cik_not_found
PSTL,0001759774,6798,Real Estate Investment Trusts,ok
PSTX,,,,cik_not_found
PTAC,,,,cik_not_found
PTHR,,,,cik_not_found
PTIC,,,,cik_not_found
PTK,,,,cik_not_found
PTLE,0002016337,5172,Wholesale-Petroleum & Petroleum Products (No Bulk Stations),ok
PTLO,0001871509,5812,Retail-Eating  Places,ok
PTON,0001639825,3949,"Sporting & Athletic Goods, NEC",ok
PTVE,,,,cik_not_found
PTWO,,,,cik_not_found
PUBM,0001422930,7370,"Services-Computer Programming, Data Processing, Etc.",ok
PWM,,,,cik_not_found
PWSC,,,,cik_not_found
PWUP,,,,cik_not_found
PXDT,,,,cik_not_found
PXMD,,,,cik_not_found
PYCR,,,,cik_not_found
PYPD,0001611842,3841,Surgical & Medical Instruments & Apparatus,ok
PYXS,0001782223,2834,Pharmaceutical Preparations,ok
QELL,,,,cik_not_found
QETA,0001978528,6770,Blank Checks,ok
QH,,,,cik_not_found
QMMM,0001971542,7311,Services-Advertising Agencies,ok
QNCX,0001662774,2836,"Biological Products, (No Diagnostic Substances)",ok
QOMO,,,,cik_not_found
QUCY,0001874252,2834,Pharmaceutical Preparations,ok
RAAC,,,,cik_not_found
RACA,,,,cik_not_found
RACY,,,,cik_not_found
RANG,0002035644,6770,Blank Checks,ok
RANI,0001856725,2834,Pharmaceutical Preparations,ok
RAPP,0002012593,2834,Pharmaceutical Preparations,ok
RAPT,,,,cik_not_found
RAY,0001948443,3630,Household Appliances,ok
RAYA,0001825875,3621,Motors & Generators,ok
RBAC,,,,cik_not_found
RBKB,0001751783,6036,"Savings Institutions, Not Federally Chartered",ok
RBRK,0001943896,7372,Services-Prepackaged Software,ok
RCAC,,,,cik_not_found
RCFA,,,,cik_not_found
RCHG,,,,cik_not_found
RDAC,0002018145,6770,Blank Checks,ok
RDDT,0001713445,7374,Services-Computer Processing & Data Preparation,ok
REAL,0001573221,5900,Retail-Miscellaneous Retail,ok
REBN,0001707910,5812,Retail-Eating  Places,ok
RECT,0001995116,3420,"Cutlery, Handtools & General Hardware",ok
REFI,0001867949,6798,Real Estate Investment Trusts,ok
RELY,0001782170,7389,"Services-Business Services, NEC",ok
RENE,,,,cik_not_found
RENT,0001468327,5990,"Retail-Retail Stores, NEC",ok
REVE,,,,cik_not_found
REYN,0001786431,2673,"Plastics, Foil & Coated Paper Bags",ok
RFAC,,,,cik_not_found
RFAI,0002012807,6770,Blank Checks,ok
RGC,0001829667,2833,Medicinal Chemicals & Botanical Products,ok
RGF,,,,cik_not_found
RICE,,,,cik_not_found
RICO,,,,cik_not_found
RITR,0001951229,6510,Real Estate Operators (No Developers) & Lessors,ok
RIVN,0001874178,3711,Motor Vehicles & Passenger Car Bodies,ok
RJAC,,,,cik_not_found
RKT,0001805284,6162,Mortgage Bankers & Loan Correspondents,ok
RLAY,0001812364,2836,"Biological Products, (No Diagnostic Substances)",ok
RLYB,0001739410,2834,Pharmaceutical Preparations,ok
RMBI,0001767837,6022,State Commercial Banks,ok
RMG,,,,cik_not_found
RMGB,,,,cik_not_found
RNA,0002093101,2834,Pharmaceutical Preparations,ok
RNAZ,0001829635,2834,Pharmaceutical Preparations,ok
RNER,,,,cik_not_found
RNLX,,,,cik_not_found
RNXT,0001574094,3841,Surgical & Medical Instruments & Apparatus,ok
ROC,0002077709,7372,Services-Prepackaged Software,ok
ROCC,,,,cik_not_found
ROCG,,,,cik_not_found
ROCH,,,,cik_not_found
ROCL,,,,cik_not_found
ROLR,0001947210,7900,Services-Amusement & Recreation Services,ok
ROMA,0001945240,8742,Services-Management Consulting Services,ok
ROOT,0001788882,6331,"Fire, Marine & Casualty Insurance",ok
ROSE,,,,cik_not_found
RPC,0001841968,6282,Investment Advice,ok
RPID,0001380106,3826,Laboratory Analytical Instruments,ok
RPLA,,,,cik_not_found
RPRX,0001802768,2834,Pharmaceutical Preparations,ok
RPTX,,,,cik_not_found
RR,0001963685,3569,"General Industrial Machinery & Equipment, NEC",ok
RRAC,,,,cik_not_found
RRBI,0001071236,6022,State Commercial Banks,ok
RSKD,0001851112,7389,"Services-Business Services, NEC",ok
RSVA,,,,cik_not_found
RTLR,,,,cik_not_found
RTP,,,,cik_not_found
RTPZ,,,,cik_not_found
RUHN,,,,cik_not_found
RVAC,,,,cik_not_found
RVLV,0001746618,5961,Retail-Catalog & Mail-Order Houses,ok
RVMD,0001628171,2836,"Biological Products, (No Diagnostic Substances)",ok
RVSN,0001743905,3743,Railroad Equipment,ok
RWAY,0001653384,,,no_sic
RWOD,,,,cik_not_found
RXST,0001111485,3851,Ophthalmic Goods,ok
RXT,0001810019,7370,"Services-Computer Programming, Data Processing, Etc.",ok
RYAN,0001849253,6411,"Insurance Agents, Brokers & Service",ok
RYDE,0001971115,7389,"Services-Business Services, NEC",ok
RYZB,,,,cik_not_found
S,0001583708,7372,Services-Prepackaged Software,ok
SAG,,,,cik_not_found
SAGA,,,,cik_not_found
SAII,,,,cik_not_found
SAMA,,,,cik_not_found
SANB,,,,cik_not_found
SANG,0001753368,7370,"Services-Computer Programming, Data Processing, Etc.",ok
SAQN,,,,cik_not_found
SARO,0002025410,3724,Aircraft Engines & Engine Parts,ok
SBE,,,,cik_not_found
SBG,,,,cik_not_found
SBTX,,,,cik_not_found
SBXC,,,,cik_not_found
SBXD,0002015947,6770,Blank Checks,ok
SCMA,,,,cik_not_found
SCNX,0001382574,2834,Pharmaceutical Preparations,ok
SCOA,,,,cik_not_found
SCPE,,,,cik_not_found
SCPL,,,,cik_not_found
SCPS,,,,cik_not_found
SCRM,,,,cik_not_found
SCUA,,,,cik_not_found
SCVX,,,,cik_not_found
SDCCQ,,,,cik_not_found
SDGR,0001490978,2834,Pharmaceutical Preparations,ok
SDHC,0001982518,1531,Operative Builders,ok
SDIG,,,,cik_not_found
SDOT,0001701756,5810,Retail-Eating & Drinking Places,ok
SEAH,0002075786,5090,Wholesale-Misc Durable Goods,ok
SEDA,,,,cik_not_found
SEER,0001726445,3826,Laboratory Analytical Instruments,ok
SEPA,,,,cik_not_found
SEPN,0001984086,2834,Pharmaceutical Preparations,ok
SERA,0001534969,8071,Services-Medical Laboratories,ok
SEVCF,,,,cik_not_found
SFHG,0001926792,2750,Commercial Printing,ok
SFTW,,,,cik_not_found
SFWL,0001863218,4210,Trucking & Courier Services (No Air),ok
SG,0001477815,5812,Retail-Eating  Places,ok
SGAM,,,,cik_not_found
SGE,,,,cik_not_found
SGHL,,,,cik_not_found
SGHT,0001531177,3841,Surgical & Medical Instruments & Apparatus,ok
SGII,,,,cik_not_found
SGMT,0001400118,2834,Pharmaceutical Preparations,ok
SGN,,,,cik_not_found
SGTX,,,,cik_not_found
SHAP,,,,cik_not_found
SHC,0001822479,8090,"Services-Misc Health & Allied Services, NEC",ok
SHCA,,,,cik_not_found
SHCO,,,,cik_not_found
SHIM,0001887944,1600,Heavy Construction Other Than Bldg Const - Contractors,ok
SHLL,,,,cik_not_found
SHPH,0001757499,2834,Pharmaceutical Preparations,ok
SHQA,,,,cik_not_found
SHUA,,,,cik_not_found
SICP,,,,cik_not_found
SIDU,0001879726,4812,Radiotelephone Communications,ok
SIER,,,,cik_not_found
SILK,,,,cik_not_found
SIMA,0002014982,6770,Blank Checks,ok
SITM,0001451809,3674,Semiconductors & Related Devices,ok
SKGR,,,,cik_not_found
SKK,0001991261,1623,"Water, Sewer, Pipeline, Comm & Power Line Construction",ok
SKWD,0001519449,6331,"Fire, Marine & Casualty Insurance",ok
SKYX,0001598981,3640,Electric Lighting & Wiring Equipment,ok
SLE,0001621672,7373,Services-Computer Integrated Systems Design,ok
SLQT,0001794783,6411,"Insurance Agents, Brokers & Service",ok
SLRN,,,,cik_not_found
SLVR,,,,cik_not_found
SMAP,,,,cik_not_found
SMFL,,,,cik_not_found
SMMC,,,,cik_not_found
SMXT,0001519472,1700,Construction - Special Trade Contractors,ok
SNAL,0001886894,7372,Services-Prepackaged Software,ok
SNDL,0001766600,2833,Medicinal Chemicals & Botanical Products,ok
SNOW,0001640147,7372,Services-Prepackaged Software,ok
SNPO,,,,cik_not_found
SNPR,,,,cik_not_found
SNRH,,,,cik_not_found
SNTG,0001810467,6199,Finance Services,ok
SOAC,,,,cik_not_found
SOGP,0001783407,7370,"Services-Computer Programming, Data Processing, Etc.",ok
SOLY,,,,cik_not_found
SONG,0001671132,7900,Services-Amusement & Recreation Services,ok
SONM,0001178697,3661,Telephone & Telegraph Apparatus,ok
SONX,0001407973,3843,Dental Equipment & Supplies,ok
SOPA,0001817511,7389,"Services-Business Services, NEC",ok
SOPH,0001840706,7374,Services-Computer Processing & Data Preparation,ok
SOVO,,,,cik_not_found
SPAI,0002011208,3842,"Orthopedic, Prosthetic & Surgical Appliances & Supplies",ok
SPCM,,,,cik_not_found
SPFI,0001163668,6022,State Commercial Banks,ok
SPFR,,,,cik_not_found
SPGC,,,,cik_not_found
SPHA,,,,cik_not_found
SPHL,0002002236,1520,General Bldg Contractors - Residential Bldgs,ok
SPKL,0001884046,3690,"Miscellaneous Electrical Machinery, Equipment & Supplies",ok
SPNV,,,,cik_not_found
SPPL,0001948697,8744,Services-Facilities Support Management Services,ok
SPRB,0001683553,2834,Pharmaceutical Preparations,ok
SPRQ,,,,cik_not_found
SPT,0001517375,7372,Services-Prepackaged Software,ok
SQFT,0001080657,6798,Real Estate Investment Trusts,ok
SQZB,,,,cik_not_found
SRAC,,,,cik_not_found
SRAD,0001836470,7370,"Services-Computer Programming, Data Processing, Etc.",ok
SRFM,0001936224,4522,"Air Transportation, Nonscheduled",ok
SRM,,,,cik_not_found
SRSA,,,,cik_not_found
SSBK,,,,cik_not_found
SSPK,,,,cik_not_found
STBX,,,,cik_not_found
STEP,0001796022,6282,Investment Advice,ok
STER,,,,cik_not_found
STET,,,,cik_not_found
STFS,0002003061,7310,Services-Advertising,ok
STIC,,,,cik_not_found
STOK,0001623526,2834,Pharmaceutical Preparations,ok
STPK,,,,cik_not_found
STSA,,,,cik_not_found
STSS,0001737995,6199,Finance Services,ok
STTK,0001680367,2834,Pharmaceutical Preparations,ok
STVN,0001849853,3841,Surgical & Medical Instruments & Apparatus,ok
STWO,,,,cik_not_found
SUAC,,,,cik_not_found
SUGP,0001969863,7381,"Services-Detective, Guard & Armored Car Services",ok
SUMO,,,,cik_not_found
SUPX,0001897087,8742,Services-Management Consulting Services,ok
SV,,,,cik_not_found
SVAC,0002074850,4911,Electric Services,ok
SVCO,0001943289,7372,Services-Prepackaged Software,ok
SVII,,,,cik_not_found
SVNA,,,,cik_not_found
SVOK,,,,cik_not_found
SVRE,0001894693,7371,Services-Computer Programming Services,ok
SVV,0001883313,5900,Retail-Miscellaneous Retail,ok
SWAG,0001872525,7311,Services-Advertising Agencies,ok
SWAV,,,,cik_not_found
SWSS,,,,cik_not_found
SWTX,,,,cik_not_found
SXTC,0001723980,2834,Pharmaceutical Preparations,ok
SXTP,0001946563,2834,Pharmaceutical Preparations,ok
SY,0001758530,7374,Services-Computer Processing & Data Preparation,ok
SYNX,0001976443,3651,Household Audio & Video Equipment,ok
SYRA,0001922335,7361,Services-Employment Agencies,ok
SYT,,,,cik_not_found
SYTA,,,,cik_not_found
SZZL,0002030663,6770,Blank Checks,ok
TACA,,,,cik_not_found
TARS,0001819790,2836,"Biological Products, (No Diagnostic Substances)",ok
TAVI,0002020385,6770,Blank Checks,ok
TBBA,,,,cik_not_found
TBBB,0001978954,5411,Retail-Grocery Stores,ok
TBMC,0001934945,6770,Blank Checks,ok
TBN,0001997652,1311,Crude Petroleum & Natural Gas,ok
TCBP,,,,cik_not_found
TCBX,0001781730,6036,"Savings Institutions, Not Federally Chartered",ok
TCN,,,,cik_not_found
TCOA,,,,cik_not_found
TCRR,,,,cik_not_found
TCRX,0001783328,2836,"Biological Products, (No Diagnostic Substances)",ok
TDAC,0001926599,6770,Blank Checks,ok
TDCX,,,,cik_not_found
TDTH,0001983550,7389,"Services-Business Services, NEC",ok
TEKK,,,,cik_not_found
TELA,0001561921,3841,Surgical & Medical Instruments & Apparatus,ok
TELO,0001971532,2834,Pharmaceutical Preparations,ok
TEM,0001717115,7370,"Services-Computer Programming, Data Processing, Etc.",ok
TENK,,,,cik_not_found
TETE,,,,cik_not_found
TFFP,,,,cik_not_found
TGAA,,,,cik_not_found
TGL,0001905956,7389,"Services-Business Services, NEC",ok
TGR,,,,cik_not_found
TGVC,,,,cik_not_found
THAC,,,,cik_not_found
THBR,,,,cik_not_found
THCA,,,,cik_not_found
THCB,,,,cik_not_found
THCP,,,,cik_not_found
THRD,,,,cik_not_found
THRN,,,,cik_not_found
THRX,,,,cik_not_found
THRY,0001556739,7310,Services-Advertising,ok
TIG,,,,cik_not_found
TIGR,0001756699,6211,"Security Brokers, Dealers & Flotation Companies",ok
TINV,,,,cik_not_found
TIVC,0001787740,2834,Pharmaceutical Preparations,ok
TKLF,0001836242,5990,"Retail-Retail Stores, NEC",ok
TKNO,0001850902,2835,In Vitro & In Vivo Diagnostic Substances,ok
TLGY,,,,cik_not_found
TLS,0000320121,7373,Services-Computer Integrated Systems Design,ok
TMDX,0001756262,3845,Electromedical & Electrotherapeutic Apparatus,ok
TMPM,,,,cik_not_found
TMTC,,,,cik_not_found
TMTS,0002097364,6770,Blank Checks,ok
TNON,0001560293,3841,Surgical & Medical Instruments & Apparatus,ok
TNYA,0001858848,2836,"Biological Products, (No Diagnostic Substances)",ok
TOAC,,,,cik_not_found
TOP,0001848275,6200,"Security & Commodity Brokers, Dealers, Exchanges & Services",ok
TOST,0001650164,7374,Services-Computer Processing & Data Preparation,ok
TPBA,,,,cik_not_found
TPET,0001898766,1311,Crude Petroleum & Natural Gas,ok
TPG,0001880661,6282,Investment Advice,ok
TPGY,,,,cik_not_found
TPTX,,,,cik_not_found
TRAQ,,,,cik_not_found
TRDA,0001689375,2834,Pharmaceutical Preparations,ok
TREB,,,,cik_not_found
TRIS,,,,cik_not_found
TRNE,,,,cik_not_found
TRNR,0001785056,3600,Electronic & Other Electrical Equipment (No Computer Equip),ok
TRSG,0001943444,3530,"Construction, Mining & Materials Handling Machinery & Equip",ok
TRTL,,,,cik_not_found
TRVI,0001563880,2834,Pharmaceutical Preparations,ok
TSBX,,,,cik_not_found
TSHA,0001806310,2836,"Biological Products, (No Diagnostic Substances)",ok
TSIA,,,,cik_not_found
TTAN,0001638826,7372,Services-Prepackaged Software,ok
TUFN,,,,cik_not_found
TURB,0001963439,3690,"Miscellaneous Electrical Machinery, Equipment & Supplies",ok
TVAC,,,,cik_not_found
TW,0001758730,6200,"Security & Commodity Brokers, Dealers, Exchanges & Services",ok
TWCB,,,,cik_not_found
TWCT,,,,cik_not_found
TWFG,0002007596,6411,"Insurance Agents, Brokers & Service",ok
TWG,0001978057,2090,Miscellaneous Food Preparations & Kindred Products,ok
TWKS,,,,cik_not_found
TWND,,,,cik_not_found
TXAC,,,,cik_not_found
TXG,0001770787,3826,Laboratory Analytical Instruments,ok
TXO,0001559432,1311,Crude Petroleum & Natural Gas,ok
TYRA,0001863127,2834,Pharmaceutical Preparations,ok
U,0001810806,7372,Services-Prepackaged Software,ok
UBER,0001543151,7389,"Services-Business Services, NEC",ok
UBXG,0001888525,7370,"Services-Computer Programming, Data Processing, Etc.",ok
UCAR,0001939780,3690,"Miscellaneous Electrical Machinery, Equipment & Supplies",ok
UCL,0001775898,4899,"Communications Services, NEC",ok
UDMY,0001607939,8200,Services-Educational Services,ok
ULS,0001901440,8734,Services-Testing Laboratories,ok
UMAC,0001956955,3663,Radio & Tv Broadcasting & Communications Equipment,ok
UNCY,0001766140,2834,Pharmaceutical Preparations,ok
UPB,0002022626,2834,Pharmaceutical Preparations,ok
UPST,0001647639,6199,Finance Services,ok
UPTD,,,,cik_not_found
UPXI,0001775194,6199,Finance Services,ok
USCB,0001901637,6022,State Commercial Banks,ok
USCTF,,,,cik_not_found
USER,,,,cik_not_found
USGO,0001947244,1040,Gold and Silver Ores,ok
UTAA,,,,cik_not_found
UTRS,,,,cik_not_found
VACH,0002006815,2836,"Biological Products, (No Diagnostic Substances)",ok
VACQ,,,,cik_not_found
VAXX,,,,cik_not_found
VBNK,0001690639,6029,"Commercial Banks, NEC",ok
VBOC,,,,cik_not_found
VCIC,,,,cik_not_found
VCIG,0001930510,8744,Services-Facilities Support Management Services,ok
VCVC,,,,cik_not_found
VCXA,,,,cik_not_found
VCXB,,,,cik_not_found
VEEE,0001855509,3730,Ship & Boat Building & Repairing,ok
VEL,0001692376,6199,Finance Services,ok
VENU,0001770501,7900,Services-Amusement & Recreation Services,ok
VERX,0001806837,7372,Services-Prepackaged Software,ok
VGAC,,,,cik_not_found
VHAI,0001880431,7371,Services-Computer Programming Services,ok
VHAQ,,,,cik_not_found
VHNA,,,,cik_not_found
VIAOY,,,,cik_not_found
VIE,,,,cik_not_found
VIGL,,,,cik_not_found
VIH,,,,cik_not_found
VII,,,,cik_not_found
VIK,0001745201,4400,Water Transportation,ok
VIR,0001706431,2836,"Biological Products, (No Diagnostic Substances)",ok
VIRI,,,,cik_not_found
VIST,0001762506,1311,Crude Petroleum & Natural Gas,ok
VITL,0001579733,2000,Food and Kindred Products,ok
VMAC,,,,cik_not_found
VMAR,0001813783,3730,Ship & Boat Building & Repairing,ok
VMCA,,,,cik_not_found
VMGA,,,,cik_not_found
VRAX,0001885827,2835,In Vitro & In Vivo Diagnostic Substances,ok
VRM,0001580864,5500,Retail-Auto Dealers & Gasoline Stations,ok
VSAC,,,,cik_not_found
VSME,0001951294,7311,Services-Advertising Agencies,ok
VSPR,,,,cik_not_found
VSTA,,,,cik_not_found
VSTD,0001898604,5812,Retail-Eating  Places,ok
VTAQ,,,,cik_not_found
VTEX,0001793663,7372,Services-Prepackaged Software,ok
VTMX,0001969373,6500,Real Estate,ok
VTRU,,,,cik_not_found
VTYX,,,,cik_not_found
VVOS,0001716166,3841,Surgical & Medical Instruments & Apparatus,ok
VYGG,,,,cik_not_found
WAFU,0001716770,8200,Services-Educational Services,ok
WAI,0001938865,7389,"Services-Business Services, NEC",ok
WAVC,,,,cik_not_found
WAVE,0001846715,4911,Electric Services,ok
WAVS,,,,cik_not_found
WAY,0001990354,7373,Services-Computer Integrated Systems Design,ok
WBEV,,,,cik_not_found
WBTN,0001997859,2741,Miscellaneous Publishing,ok
WBUY,0001946703,5900,Retail-Miscellaneous Retail,ok
WCT,0001990251,7372,Services-Prepackaged Software,ok
WEAV,0001609151,7372,Services-Prepackaged Software,ok
WEBR,,,,cik_not_found
WEL,,,,cik_not_found
WIMI,0001770088,7372,Services-Prepackaged Software,ok
WINV,0001854463,6770,Blank Checks,ok
WLAC,0002032379,6770,Blank Checks,ok
WLDS,0001887673,3576,Computer Communications Equipment,ok
WLGS,,,,cik_not_found
WMG,0001319161,7900,Services-Amusement & Recreation Services,ok
WNNR,,,,cik_not_found
WNW,0001787803,2840,"Soap, Detergents, Cleang Preparations, Perfumes, Cosmetics",ok
WOK,0001929783,3841,Surgical & Medical Instruments & Apparatus,ok
WORK,,,,cik_not_found
WPF,,,,cik_not_found
WQGA,,,,cik_not_found
WRAC,,,,cik_not_found
WRBY,0001504776,3851,Ophthalmic Goods,ok
WRD,0001867729,7373,Services-Computer Integrated Systems Design,ok
WRNT,,,,cik_not_found
WSG,,,,cik_not_found
WTMA,,,,cik_not_found
WTRE,,,,cik_not_found
WWAC,,,,cik_not_found
WYHG,0001999860,2013,Sausages & Other Prepared Meat Products,ok
XCH,0001979887,3690,"Miscellaneous Electrical Machinery, Equipment & Supplies",ok
XFIN,,,,cik_not_found
XGN,0001274737,8071,Services-Medical Laboratories,ok
XHG,0001769256,6411,"Insurance Agents, Brokers & Service",ok
XLO,0001840233,2834,Pharmaceutical Preparations,ok
XMTR,0001657573,7389,"Services-Business Services, NEC",ok
XP,0001787425,6211,"Security Brokers, Dealers & Flotation Companies",ok
XPDB,,,,cik_not_found
XPEV,0001810997,3711,Motor Vehicles & Passenger Car Bodies,ok
XPOA,,,,cik_not_found
XPOF,0001802156,7990,Services-Miscellaneous Amusement & Recreation,ok
XPON,0001894954,3690,"Miscellaneous Electrical Machinery, Equipment & Supplies",ok
XTKG,,,,cik_not_found
YAAS,0001964946,7372,Services-Prepackaged Software,ok
YAC,,,,cik_not_found
YALA,0001794350,7370,"Services-Computer Programming, Data Processing, Etc.",ok
YAYO,,,,cik_not_found
YGFGF,,,,cik_not_found
YGMZ,,,,cik_not_found
YHNA,0002020987,6770,Blank Checks,ok
YIBO,0001868395,3577,"Computer Peripheral Equipment, NEC",ok
YJ,0001759614,5990,"Retail-Retail Stores, NEC",ok
YMM,0001838413,7372,Services-Prepackaged Software,ok
YOTA,,,,cik_not_found
YOU,0001856314,7372,Services-Prepackaged Software,ok
YQ,0001821468,8200,Services-Educational Services,ok
YSAC,,,,cik_not_found
YSG,0001819580,2844,"Perfumes, Cosmetics & Other Toilet Preparations",ok
YSXT,0001993463,7500,"Services-Automotive Repair, Services & Parking",ok
YXT,0001872090,7372,Services-Prepackaged Software,ok
YYGH,0001985337,7363,Services-Help Supply Services,ok
ZBAO,0001966750,6411,"Insurance Agents, Brokers & Service",ok
ZBIO,0001953926,2834,Pharmaceutical Preparations,ok
ZCMD,0001785566,8200,Services-Educational Services,ok
ZDAI,0001966678,1540,General Bldg Contractors - Nonresidential Bldgs,ok
ZENV,,,,cik_not_found
ZGYH,,,,cik_not_found
ZI,,,,cik_not_found
ZING,,,,cik_not_found
ZJK,0001941506,3452,"Bolts, Nuts, Screws, Rivets & Washers",ok
ZJYL,0001837821,3842,"Orthopedic, Prosthetic & Surgical Appliances & Supplies",ok
ZK,,,,cik_not_found
ZKH,0001862044,5200,"Retail-Building Materials, Hardware, Garden Supply",ok
ZLSSF,,,,cik_not_found
ZM,0001585521,7370,"Services-Computer Programming, Data Processing, Etc.",ok
ZNTE,,,,cik_not_found
ZNTL,0001725160,2834,Pharmaceutical Preparations,ok
ZONE,0001956741,2842,"Specialty Cleaning, Polishing and Sanitation Preparations",ok
ZSPC,0001637147,7372,Services-Prepackaged Software,ok
ZVIA,0001854139,2086,Bottled & Canned Soft Drinks & Carbonated Waters,ok
